{
  "accuracy": 0.991,
  "precision": 0.9919839679358717,
  "recall": 0.99,
  "f1": 0.990990990990991,
  "roc_auc": 0.9985740000000001,
  "n_train": 8000,
  "n_test": 2000
}