{
  "loss": 0.007993470877408981,
  "accuracy": 0.9990000128746033,
  "n_train": 8000,
  "n_test": 2000,
  "epochs": 10
}