{"accuracy": [0.9918749928474426, 0.9994999766349792, 0.9993749856948853, 1.0, 1.0, 1.0, 1.0, 1.0, 1.0, 1.0], "loss": [0.060948338359594345, 0.0042627169750630856, 0.0037133784499019384, 0.00023479745141230524, 0.00012294194311834872, 7.749634823994711e-05, 5.501295527210459e-05, 4.149655796936713e-05, 3.2700143492547795e-05, 2.470828803780023e-05], "val_accuracy": [0.9990000128746033, 0.9984999895095825, 0.9990000128746033, 0.9990000128746033, 0.9990000128746033, 0.9990000128746033, 0.9990000128746033, 0.9990000128746033, 0.9990000128746033, 0.9990000128746033], "val_loss": [0.006157244089990854, 0.008937718346714973, 0.00467273686081171, 0.005120368674397469, 0.0058807735331356525, 0.006506573874503374, 0.006847587414085865, 0.0073988852091133595, 0.007628432009369135, 0.007993470877408981]}